status,fit_model,M_min,M_max,n_points,n_params,rms,A_M,A_M_se,A_sqrtM,A_sqrtM_se,A_logM,A_logM_se,F,F_se,b_inv_sqrt,b_inv_sqrt_se,b_inv,b_inv_se,knot,n_eigenvalues,S_all,status_note
PASS_FIT,hk+inv_sqrt+inv,54,215,162,6,0.0012560891092301785,-0.06694761359878797,0.011969431420811125,7.10794620075488,1.0230099412581946,-67.90877255165884,8.098786503561827,345.0730115199484,38.07746167026379,-1102.409882393612,112.59633047948633,1581.414244378628,144.9640362980242,0_1,215,2.3589229609215163,DIAGNOSTIC_ONLY_NORMALIZED_BEM_SPECTRUM
PASS_FIT,hk+inv_sqrt+inv,54,215,162,6,0.0126801364798873,-3.0192732292651865,0.1208306185343446,239.2741673051732,10.32721769507699,-1765.2751638337759,81.75671409934549,8062.567263018285,384.38945711624984,-22995.823894511526,1136.652509063947,27845.67427018596,1463.4023585005384,K11a367,215,2.3475880163351253,DIAGNOSTIC_ONLY_NORMALIZED_BEM_SPECTRUM
