quantity,value,unit
constants_source,fallback canonical constants,
v_swirl_m_s,1093845.63,m s^-1
n_points,240,
n_line_m_inv,500000.0,m^-1
q0_m_inv,1570796.3267948965,m^-1
A,0.9191997995080365,
q_edge_m_inv,3133418.7509458466,m^-1
xi_m,3.0801702312887453e-06,m
B,0.028982333587058522,
ell_fit,1.994796331959456,
x1_m,1.0026086212197074e-06,m
f_edge_Hz,545499812613.47003,Hz
rmse,0.013394374381094547,
r2,0.9975436478987615,
fit_method,scipy.curve_fit,
