knot,reference,length_source,length_coeff,A_lead_normalized_spectrum,A_reference_normalized_spectrum,L_spectral_norm,L_geom_raw,L_used,status
0_1,0_1,geometric_raw,A_M,-0.05469347934162928,-0.05469347934162928,6.283185307179586,6.283185302693725,6.283185302693725,PHYSICAL_LENGTH_BRANCH_RESTORES_LONGITUDINAL_SCALE
3_1,0_1,geometric_raw,A_M,-0.05007164625851524,-0.05469347934162928,5.752229257763376,16.372460337048228,16.372460337048228,PHYSICAL_LENGTH_BRANCH_RESTORES_LONGITUDINAL_SCALE
4_1,0_1,geometric_raw,A_M,-0.058888035581091736,-0.05469347934162928,6.765055805293409,21.044950488681607,21.044950488681607,PHYSICAL_LENGTH_BRANCH_RESTORES_LONGITUDINAL_SCALE
