target,reference,normalizer,L_cert_target,NsoftV,leading_full_cert,leading_half_alpha_inv_cert,DeltaF_pair_raw,normalizer_denominator,DeltaF_phys_cert_normalized,finite_correction_half_cert,alpha_inv_pred_blind_v13,correction_to_leading_ratio,subleading_threshold,gate,status
7_1,0_1,raw,30.700289,16.755160819145562,514.3882793892456,257.1941396946228,353.1851437825582,1.0,353.1851437825582,176.5925718912791,433.7867115859019,0.6866119581921841,0.05,FAIL_NOT_SUBLEADING,ALPHA_BLIND_CERTIFIED_LENGTH_CANDIDATE_NOT_CODATA_COMPARISON
7_1,0_1,Mmax,30.700289,16.755160819145562,514.3882793892456,257.1941396946228,353.1851437825582,215.0,1.6427215989886428,0.8213607994943214,258.0155004941171,0.003193543991591554,0.05,PASS_SUBLEADING_CORRECTION,ALPHA_BLIND_CERTIFIED_LENGTH_CANDIDATE_NOT_CODATA_COMPARISON
7_1,0_1,Lcert,30.700289,16.755160819145562,514.3882793892456,257.1941396946228,353.1851437825582,30.700289,11.504293779858497,5.752146889929248,262.946286584552,0.0223649998275972,0.05,PASS_SUBLEADING_CORRECTION,ALPHA_BLIND_CERTIFIED_LENGTH_CANDIDATE_NOT_CODATA_COMPARISON
7_1,0_1,Lcert2,30.700289,16.755160819145562,514.3882793892456,257.1941396946228,353.1851437825582,942.5077446835211,0.3747291688315538,0.1873645844157769,257.38150427903855,0.0007284947652315975,0.05,PASS_SUBLEADING_CORRECTION,ALPHA_BLIND_CERTIFIED_LENGTH_CANDIDATE_NOT_CODATA_COMPARISON
7_1,0_1,Lcert3,30.700289,16.755160819145562,514.3882793892456,257.1941396946228,353.1851437825582,28935.260146522312,0.012206046947361108,0.006103023473680554,257.20024271809643,2.3729247800618342e-05,0.05,PASS_SUBLEADING_CORRECTION,ALPHA_BLIND_CERTIFIED_LENGTH_CANDIDATE_NOT_CODATA_COMPARISON
7_1,0_1,M_Lcert,30.700289,16.755160819145562,514.3882793892456,257.1941396946228,353.1851437825582,6600.562135,0.053508343162132536,0.026754171581066268,257.2208938662038,0.00010402325501207998,0.05,PASS_SUBLEADING_CORRECTION,ALPHA_BLIND_CERTIFIED_LENGTH_CANDIDATE_NOT_CODATA_COMPARISON
7_1,0_1,M_Lcert2,30.700289,16.755160819145562,514.3882793892456,257.1941396946228,353.1851437825582,202639.16510695702,0.00174292636665839,0.000871463183329195,257.1950111578061,3.3883477452632444e-06,0.05,PASS_SUBLEADING_CORRECTION,ALPHA_BLIND_CERTIFIED_LENGTH_CANDIDATE_NOT_CODATA_COMPARISON
