status,fit_model,M_min,M_max,n_points,n_params,rms,A_M,A_M_se,A_sqrtM,A_sqrtM_se,A_logM,A_logM_se,F,F_se,b_inv_sqrt,b_inv_sqrt_se,b_inv,b_inv_se,knot,n_eigenvalues,S_all,status_note
PASS_FIT,hk+inv_sqrt+inv,14,53,40,6,0.0007580606468353878,0.3455531799596255,0.06765609830404941,-16.02129768717039,2.8947360050885664,68.60305109248358,11.476331579561087,-236.4220534126329,38.0902651934457,515.347153530285,79.93205817875099,-361.63828410179826,51.5736337733664,0_1,53,1.5933325992871201,DIAGNOSTIC_ONLY_NORMALIZED_BEM_SPECTRUM
PASS_FIT,hk+inv_sqrt+inv,14,53,40,6,0.0024824796098662266,-1.366492310255439,0.22155863811695647,53.34752017252482,9.479615039479082,-193.01232233625637,37.58242729161324,606.5242491317196,124.73712633925904,-1224.5408824904907,261.7596697991884,715.0673820670756,168.8921523410672,3_1,53,1.4544760329272854,DIAGNOSTIC_ONLY_NORMALIZED_BEM_SPECTRUM
PASS_FIT,hk+inv_sqrt+inv,14,53,40,6,0.052051010502337854,-65.53917461620765,4.645496766086557,2611.8581030539153,198.76237452948695,-9667.951481802727,788.0037805283417,30781.981581378117,2615.406566608653,-63020.46577723137,5488.405732581323,38138.610942590734,3541.2203026074626,4_1,53,1.5325701953375572,DIAGNOSTIC_ONLY_NORMALIZED_BEM_SPECTRUM
