target,reference,normalizer,L_cert_target,NsoftV,leading_full_cert,leading_half_alpha_inv_cert,DeltaF_pair_raw,normalizer_denominator,DeltaF_phys_cert_normalized,finite_correction_half_cert,alpha_inv_pred_blind_v13,correction_to_leading_ratio,subleading_threshold,gate,status
6_1,0_1,raw,28.354929,16.755160819145562,475.09139541045425,237.54569770522713,240.2989903864684,1.0,240.2989903864684,120.1494951932342,357.6951928984613,0.505795290564803,0.05,FAIL_NOT_SUBLEADING,ALPHA_BLIND_CERTIFIED_LENGTH_CANDIDATE_NOT_CODATA_COMPARISON
6_1,0_1,Mmax,28.354929,16.755160819145562,475.09139541045425,237.54569770522713,240.2989903864684,215.0,1.11766972272776,0.55883486136388,238.10453256659102,0.00235253623518513,0.05,PASS_SUBLEADING_CORRECTION,ALPHA_BLIND_CERTIFIED_LENGTH_CANDIDATE_NOT_CODATA_COMPARISON
6_1,0_1,Lcert,28.354929,16.755160819145562,475.09139541045425,237.54569770522713,240.2989903864684,28.354929,8.474681434979733,4.237340717489866,241.783038422717,0.017838002365119766,0.05,PASS_SUBLEADING_CORRECTION,ALPHA_BLIND_CERTIFIED_LENGTH_CANDIDATE_NOT_CODATA_COMPARISON
6_1,0_1,Lcert2,28.354929,16.755160819145562,475.09139541045425,237.54569770522713,240.2989903864684,804.001998595041,0.29887859831988056,0.14943929915994028,237.69513700438708,0.0006290970562867488,0.05,PASS_SUBLEADING_CORRECTION,ALPHA_BLIND_CERTIFIED_LENGTH_CANDIDATE_NOT_CODATA_COMPARISON
6_1,0_1,Lcert3,28.354929,16.755160819145562,475.09139541045425,237.54569770522713,240.2989903864684,22797.419586020485,0.010540622348935543,0.005270311174467772,237.55096801640158,2.2186514954304727e-05,0.05,PASS_SUBLEADING_CORRECTION,ALPHA_BLIND_CERTIFIED_LENGTH_CANDIDATE_NOT_CODATA_COMPARISON
6_1,0_1,M_Lcert,28.354929,16.755160819145562,475.09139541045425,237.54569770522713,240.2989903864684,6096.309735,0.0394171229533941,0.01970856147669705,237.56540626670383,8.296745286102215e-05,0.05,PASS_SUBLEADING_CORRECTION,ALPHA_BLIND_CERTIFIED_LENGTH_CANDIDATE_NOT_CODATA_COMPARISON
6_1,0_1,M_Lcert2,28.354929,16.755160819145562,475.09139541045425,237.54569770522713,240.2989903864684,172860.4296979338,0.0013901330154413047,0.0006950665077206523,237.54639277173484,2.9260328199383657e-06,0.05,PASS_SUBLEADING_CORRECTION,ALPHA_BLIND_CERTIFIED_LENGTH_CANDIDATE_NOT_CODATA_COMPARISON
