target,reference,normalizer,L_cert_target,NsoftV,leading_full_cert,leading_half_alpha_inv_cert,DeltaF_pair_raw,normalizer_denominator,DeltaF_phys_cert_normalized,finite_correction_half_cert,alpha_inv_pred_blind_v13,correction_to_leading_ratio,subleading_threshold,gate,status
10_1,0_1,raw,42.58107,16.755160819145562,713.4526757012944,356.7263378506472,8408.138922480408,1.0,8408.138922480408,4204.069461240204,4560.795799090851,11.785138957136233,0.05,FAIL_NOT_SUBLEADING,ALPHA_BLIND_CERTIFIED_LENGTH_CANDIDATE_NOT_CODATA_COMPARISON
10_1,0_1,Mmax,42.58107,16.755160819145562,713.4526757012944,356.7263378506472,8408.138922480408,215.0,39.10762289525771,19.553811447628856,376.28014929827606,0.05481459980063364,0.05,FAIL_NOT_SUBLEADING,ALPHA_BLIND_CERTIFIED_LENGTH_CANDIDATE_NOT_CODATA_COMPARISON
10_1,0_1,Lcert,42.58107,16.755160819145562,713.4526757012944,356.7263378506472,8408.138922480408,42.58107,197.46189850279498,98.73094925139749,455.4572871020447,0.2767694413770305,0.05,FAIL_NOT_SUBLEADING,ALPHA_BLIND_CERTIFIED_LENGTH_CANDIDATE_NOT_CODATA_COMPARISON
10_1,0_1,Lcert2,42.58107,16.755160819145562,713.4526757012944,356.7263378506472,8408.138922480408,1813.1475223448997,4.637316500097226,2.318658250048613,359.0449961006958,0.006499823545463525,0.05,PASS_SUBLEADING_CORRECTION,ALPHA_BLIND_CERTIFIED_LENGTH_CANDIDATE_NOT_CODATA_COMPARISON
10_1,0_1,Lcert3,42.58107,16.755160819145562,713.4526757012944,356.7263378506472,8408.138922480408,77205.76156929473,0.10890558880031026,0.05445279440015513,356.7807906450474,0.00015264584815420388,0.05,PASS_SUBLEADING_CORRECTION,ALPHA_BLIND_CERTIFIED_LENGTH_CANDIDATE_NOT_CODATA_COMPARISON
10_1,0_1,M_Lcert,42.58107,16.755160819145562,713.4526757012944,356.7263378506472,8408.138922480408,9154.930049999999,0.9184274348967209,0.4592137174483604,357.18555156809555,0.0012872997273350258,0.05,PASS_SUBLEADING_CORRECTION,ALPHA_BLIND_CERTIFIED_LENGTH_CANDIDATE_NOT_CODATA_COMPARISON
10_1,0_1,M_Lcert2,42.58107,16.755160819145562,713.4526757012944,356.7263378506472,8408.138922480408,389826.7173041534,0.02156891395394059,0.010784456976970294,356.7371223076242,3.0231737420760586e-05,0.05,PASS_SUBLEADING_CORRECTION,ALPHA_BLIND_CERTIFIED_LENGTH_CANDIDATE_NOT_CODATA_COMPARISON
