nu,k_p,k_d,k_w,dbl_factor,k_w_dbl
1,0.9510565162951535,0.9588679832249491,0.9119376437128799,1.9318516525781366,1.7617282440549389
5,6.123233995736766e-17,0.21213203435596423,1.2989340843532398e-17,0.5176380902050419,6.723777587268459e-18
7,-0.587785252292473,-0.16834893564515416,0.09895302161135625,-0.5176380902050413,-0.051221853126920625
