status,fit_model,M_min,M_max,n_points,n_params,rms,A_M,A_M_se,A_sqrtM,A_sqrtM_se,A_logM,A_logM_se,F,F_se,b_inv_sqrt,b_inv_sqrt_se,b_inv,b_inv_se,knot,reference,DeltaF_pair,half_DeltaF_pair,max_common_modes,status_note
PASS_FIT,hk+inv_sqrt+inv,12,47,36,6,0.0019866874440752228,0.7362282592734544,0.18894234618831987,-29.225011384616828,7.556083915073418,107.26640108617453,27.98103987683313,-339.5794203966572,89.03477286885585,693.1559869732314,181.90821382202674,-415.89505217816435,109.47688171399359,3_1,0_1,-339.5794203966572,-169.7897101983286,47,DIRECT_PAIR_SUBTRACTED_FIT_NO_SEPARATE_FK_MINUS_FREF
PASS_FIT,hk+inv_sqrt+inv,12,47,36,6,0.002130362018846171,0.8588923330546556,0.2026064035747943,-34.09800730181974,8.102529782373452,124.77165558785332,30.004591199887003,-393.8842804752229,95.473648379903,801.8228483950536,195.06357217805044,-477.67730685604363,117.39410315434404,4_1,0_1,-393.8842804752229,-196.94214023761145,47,DIRECT_PAIR_SUBTRACTED_FIT_NO_SEPARATE_FK_MINUS_FREF
