knot,reference,length_source,length_coeff,A_lead_normalized_spectrum,A_reference_normalized_spectrum,L_spectral_norm,L_geom_raw,L_used,status
0_1,0_1,geometric_raw,A_M,-0.30255818921390587,-0.30255818921390587,6.283185307179586,6.283184661215509,6.283184661215509,PHYSICAL_LENGTH_BRANCH_RESTORES_LONGITUDINAL_SCALE
3_1,0_1,geometric_raw,A_M,-0.8742175125201341,-0.30255818921390587,18.15475774830931,16.372446942894506,16.372446942894506,PHYSICAL_LENGTH_BRANCH_RESTORES_LONGITUDINAL_SCALE
4_1,0_1,geometric_raw,A_M,-40.30149921788893,-0.30255818921390587,836.9358251418005,21.04492420468734,21.04492420468734,PHYSICAL_LENGTH_BRANCH_RESTORES_LONGITUDINAL_SCALE
