knot,reference,length_source,length_coeff,A_lead_normalized_spectrum,A_reference_normalized_spectrum,L_spectral_norm,L_geom_raw,L_used,status
0_1,0_1,geometric_raw,A_M,-0.07667845527607253,-0.07667845527607253,6.283185307179586,6.28318526680683,6.28318526680683,PHYSICAL_LENGTH_BRANCH_RESTORES_LONGITUDINAL_SCALE
3_1,0_1,geometric_raw,A_M,-0.8434889528236836,-0.07667845527607253,69.11716434647404,16.37245958770872,16.37245958770872,PHYSICAL_LENGTH_BRANCH_RESTORES_LONGITUDINAL_SCALE
4_1,0_1,geometric_raw,A_M,-25.633069145836977,-0.07667845527607253,2100.4247262829135,21.044949018136286,21.044949018136286,PHYSICAL_LENGTH_BRANCH_RESTORES_LONGITUDINAL_SCALE
