status,fit_model,M_min,M_max,n_points,n_params,rms,A_M,A_M_se,A_sqrtM,A_sqrtM_se,A_logM,A_logM_se,F,F_se,b_inv_sqrt,b_inv_sqrt_se,b_inv,b_inv_se,knot,n_eigenvalues,S_all,status_note
PASS_FIT,hk+inv_sqrt+inv,29,115,87,6,0.0012619293350426904,-0.04918667439253712,0.030714792155227422,2.3295354416958727,1.9198790926692455,-8.057013185592494,11.114641376642938,22.540219918658167,45.29982385642694,-10.91609680372889,112.9902664130139,-79.58688208571115,106.3596877770832,0_1,115,1.9261959849582555,DIAGNOSTIC_ONLY_NORMALIZED_BEM_SPECTRUM
PASS_FIT,hk+inv_sqrt+inv,29,115,87,6,0.001866639471913235,-0.03941031927195781,0.04543316477116282,1.0929978303554861,2.839875416285608,1.973413172181742,16.44072115107769,-23.488026982031794,67.00726968856998,114.44378970435447,167.1346289936187,-214.2088346234739,157.32671070552044,3_1,115,1.8765906380384307,DIAGNOSTIC_ONLY_NORMALIZED_BEM_SPECTRUM
PASS_FIT,hk+inv_sqrt+inv,29,115,87,6,0.00783363662149777,0.2877128917295467,0.19066719028347356,-24.125740275712985,11.917969375577538,168.74676693571877,68.99598836882498,-738.7301996201332,281.20620486019493,1965.3042738118077,701.4059062315338,-2061.6391429638848,660.2454845012708,4_1,115,1.6800223853605545,DIAGNOSTIC_ONLY_NORMALIZED_BEM_SPECTRUM
