model,status,n_points,M_min,M_max,rms,S_inf,S_inf_se,alpha_inv_pred_blind,c_sqrt,c_sqrt_se,knot,reference,target_selected,fit_tail_frac,max_common_modes,c_inv,c_inv_se,c_threehalf,c_threehalf_se
sqrt,PASS_FIT,63,21,83,0.011426793612294489,-0.13367639381355642,0.007395270421423038,-0.06683819690677821,0.7151866868687711,0.04953246728944765,3_1,0_1,True,0.75,83,,,,
sqrt+inv,PASS_FIT,63,21,83,0.007222062910868939,-0.3797321831122522,0.026332576967827332,-0.1898660915561261,3.9729734043144003,0.3444643331708823,3_1,0_1,True,0.75,83,-10.350536496123107,1.0898163176345423,,
sqrt+inv+threehalf,PASS_FIT,63,21,83,0.004833074112684456,-1.2293497792864228,0.10118837624437875,-0.6146748896432114,20.69380869434276,1.9742135449760276,3_1,0_1,True,0.75,83,-117.36827959291425,12.569119921221697,222.80576416327364,26.123462474476586
sqrt,PASS_FIT,63,21,83,0.282380039630086,0.7554139659201529,0.1827526448390378,0.37770698296007643,3.1587355776890864,1.2240511687479052,4_1,0_1,False,0.75,83,,,,
sqrt+inv,PASS_FIT,63,21,83,0.2343657576380064,-3.6214403055612623,0.854527913671059,-1.8107201527806311,61.108429630682856,11.178335805046483,4_1,0_1,False,0.75,83,-184.11592754757754,35.36602077839707,,
sqrt+inv+threehalf,PASS_FIT,63,21,83,0.17949022597501296,-27.480007335877904,3.757923858539838,-13.740003667938952,530.6551661465362,73.3181463906539,4_1,0_1,False,0.75,83,-3189.3385225190887,466.79072622663347,6256.728065623358,970.1705526276718
