status,fit_model,M_min,M_max,n_points,n_params,rms,A_M,A_M_se,A_sqrtM,A_sqrtM_se,A_logM,A_logM_se,F,F_se,b_inv_sqrt,b_inv_sqrt_se,b_inv,b_inv_se,knot,n_eigenvalues,S_all,status_note
PASS_FIT,hk+inv_sqrt+inv,54,215,162,6,0.0012560891092301785,-0.06694761359878797,0.011969431420811125,7.10794620075488,1.0230099412581946,-67.90877255165884,8.098786503561827,345.0730115199484,38.07746167026379,-1102.409882393612,112.59633047948633,1581.414244378628,144.9640362980242,0_1,215,2.3589229609215163,DIAGNOSTIC_ONLY_NORMALIZED_BEM_SPECTRUM
PASS_FIT,hk+inv_sqrt+inv,54,215,162,6,0.0166036823540614,-3.821913902517034,0.15821858163523908,305.0773403088462,13.522712668138766,-2264.808627350994,107.05425082533579,10368.94946370183,503.32900251756945,-29654.003554739713,1488.3607315567642,36063.405650203975,1916.2150151354822,8_1,215,2.343277086056764,DIAGNOSTIC_ONLY_NORMALIZED_BEM_SPECTRUM
