knot,reference,length_source,length_coeff,A_lead_normalized_spectrum,A_reference_normalized_spectrum,L_spectral_norm,L_geom_raw,L_used,status
0_1,0_1,geometric_raw,A_M,0.09663390758019039,0.09663390758019039,6.283185307179587,6.28318526680683,6.28318526680683,PHYSICAL_LENGTH_BRANCH_RESTORES_LONGITUDINAL_SCALE
3_1,0_1,geometric_raw,A_M,0.21548042734016962,0.09663390758019039,14.01064583800477,16.37245958770872,16.37245958770872,PHYSICAL_LENGTH_BRANCH_RESTORES_LONGITUDINAL_SCALE
4_1,0_1,geometric_raw,A_M,1.6015832639135046,0.09663390758019039,104.13574990430115,21.044949018136286,21.044949018136286,PHYSICAL_LENGTH_BRANCH_RESTORES_LONGITUDINAL_SCALE
