status,fit_model,M_min,M_max,n_points,n_params,rms,A_M,A_M_se,A_sqrtM,A_sqrtM_se,A_logM,A_logM_se,F,F_se,b_inv_sqrt,b_inv_sqrt_se,b_inv,b_inv_se,knot,n_eigenvalues,S_all,status_note
PASS_FIT,hk+inv_sqrt+inv,25,99,75,6,0.0012560274224432824,-0.5526592466219976,0.03829498110173315,32.68105216497413,2.2209924367896643,-177.9238932094868,11.929853485665591,703.6529098724891,46.83494093354666,-1684.1538127327342,112.52111481592353,1449.7252513277424,98.26747164119669,0_1,99,1.9122018867430843,DIAGNOSTIC_ONLY_NORMALIZED_BEM_SPECTRUM
PASS_FIT,hk+inv_sqrt+inv,25,99,75,6,0.0012318160557914166,-0.7152638579083378,0.03755680149529052,41.82559740386898,2.178180264652902,-225.70122718425887,11.699891900684724,888.6162984986275,45.93214382354822,-2123.1887366698606,110.35214149718371,1824.3874401502908,96.3732536143094,3_1,99,1.8827701878668173,DIAGNOSTIC_ONLY_NORMALIZED_BEM_SPECTRUM
PASS_FIT,hk+inv_sqrt+inv,25,99,75,6,0.0013755247967078448,-0.9217695467737951,0.04193833283705308,53.23085123802098,2.432295756856947,-284.52599130482724,13.064849538637795,1115.2457873021604,51.29077714013826,-2660.2412829120804,123.22627740199866,2281.3686303130053,107.61655481160861,4_1,99,1.8830066388522235,DIAGNOSTIC_ONLY_NORMALIZED_BEM_SPECTRUM
