status,fit_model,M_min,M_max,n_points,n_params,rms,A_M,A_M_se,A_sqrtM,A_sqrtM_se,A_logM,A_logM_se,F,F_se,b_inv_sqrt,b_inv_sqrt_se,b_inv,b_inv_se,knot,n_eigenvalues,S_all,status_note
PASS_FIT,hk+inv_sqrt+inv,54,215,162,6,0.001469174070862356,-0.11752419642970201,0.013999944874291867,11.548476774759356,1.196554980762547,-103.7492079715617,9.472677574424084,514.6122322191492,44.536983052494016,-1605.935660880415,131.69735172379094,2231.600045043734,169.5559668271739,0_1,215,2.3333572637877302,DIAGNOSTIC_ONLY_NORMALIZED_BEM_SPECTRUM
PASS_FIT,hk+inv_sqrt+inv,54,215,162,6,0.001888402410688069,-0.11427014592368334,0.01799482455785167,11.107223542186013,1.5379915525370753,-99.28890248663592,12.175703017079154,492.0043873717071,57.24559657640656,-1534.161649066975,169.2771478947108,2130.574304779186,217.93870641553093,3_1,215,2.3354389011245082,DIAGNOSTIC_ONLY_NORMALIZED_BEM_SPECTRUM
PASS_FIT,hk+inv_sqrt+inv,54,215,162,6,0.0017797505684232014,-0.0986282081292825,0.016959467460033063,9.50298768868167,1.4495010832254684,-84.80175401142081,11.47515711849945,420.649599953431,53.951892070219415,-1312.0729785143592,159.53755326805424,1822.4626646102815,205.39930177441872,4_1,215,2.339901217334449,DIAGNOSTIC_ONLY_NORMALIZED_BEM_SPECTRUM
