status,fit_model,M_min,M_max,n_points,n_params,rms,A_M,A_M_se,A_sqrtM,A_sqrtM_se,A_logM,A_logM_se,F,F_se,b_inv_sqrt,b_inv_sqrt_se,b_inv,b_inv_se,knot,n_eigenvalues,S_all,status_note
PASS_FIT,hk+inv_sqrt+inv,80,319,240,6,0.0008655411983530597,-0.005200492058308365,0.004568521889798353,0.06323408636067443,0.4756380025337452,4.931505159534066,4.586978647546603,-34.934845789962864,23.37675808016361,199.14109096441177,77.68858861651964,-546.0134055928912,121.85292499053317,0_1,319,2.405692550711757,DIAGNOSTIC_ONLY_NORMALIZED_BEM_SPECTRUM
PASS_FIT,hk+inv_sqrt+inv,80,319,240,6,0.0011992165254617643,-0.013536546414857764,0.006329735612359863,0.8331273268332923,0.6590015054874659,-1.9521498730099827,6.355307646296852,-0.5661835365748689,32.388746664857045,87.07834634108713,107.63836485889408,-374.5674329606293,168.82852208831963,3_1,319,2.4440137561661697,DIAGNOSTIC_ONLY_NORMALIZED_BEM_SPECTRUM
PASS_FIT,hk+inv_sqrt+inv,80,319,240,6,0.001314084009031758,-0.04659688756357249,0.006936032128474987,4.028098791850129,0.722124255213613,-30.763286025034475,6.964053590956147,142.57194715863056,35.49111704283827,-371.63265759264993,117.94855308963841,303.47712882042435,184.9998365051711,4_1,319,2.4420616021871084,DIAGNOSTIC_ONLY_NORMALIZED_BEM_SPECTRUM
