{
  "success": false,
  "objective_value": 0.016285297670773375,
  "fitted_params": {
    "thetas": [
      2.001584585319426,
      3.045185435170767,
      1.5393466193357312
    ],
    "sector_weights": [
      1.567763416617064,
      0.6674094373562881,
      1.1615598973753478
    ],
    "alpha": 0.0,
    "beta": 0.0
  },
  "predicted_minima": [
    20.82,
    23.5,
    25.27,
    26.75,
    28.85,
    31.08,
    32.86
  ],
  "target_near_nodes": [
    25.18,
    26.75,
    32.8
  ],
  "config": {
    "sectors": [
      2,
      3,
      5
    ],
    "a_nc_over_rc": 1.00039865,
    "ell_trefoil": 0.0003985705602004444,
    "truncation_M": 400,
    "completion_mode": "none",
    "t_min": 20.0,
    "t_max": 35.0,
    "match_count": 3,
    "fit_sector_weights": true
  }
}