{
  "source": "ideal.txt (3:1:1, 183 modes, k_max=250)",
  "E_star_source": "batch aggregate batch_aggregate_stats.csv",
  "L_ref": 16.371637,
  "D_ref": 1.0,
  "ropelength_L_over_D": 16.371637,
  "n_s": 240,
  "n_theta": 24,
  "tube_radius": 0.5,
  "surface_panels": 5760,
  "axis": "x",
  "eps_factor": 0.0,
  "block": 512,
  "Xi_sph": 1.0460441175140003,
  "E_star": 274.0749037578999,
  "E_eff": 274.07190617907213,
  "alpha_cell": 0.007297355018552128,
  "alpha_cell_inverse": 137.03595308953606,
  "K_cell": 10.904974657754376,
  "K_cell_formula_value": 10.904974657754376
}