status,fit_model,M_min,M_max,n_points,n_params,rms,A_M,A_M_se,A_sqrtM,A_sqrtM_se,A_logM,A_logM_se,F,F_se,b_inv_sqrt,b_inv_sqrt_se,b_inv,b_inv_se,knot,n_eigenvalues,S_all,status_note
PASS_FIT,hk+inv_sqrt+inv,26,103,78,6,0.0003931637012662817,0.05044623457837376,0.011293475703480242,-3.2302806138304407,0.6680827940913174,19.168907977200853,3.6603212005178127,-77.26923196748345,14.514897066802417,200.74870840731697,35.21458812457424,-199.4258523654718,31.369430115568907,0_1,103,1.8293611670886203,DIAGNOSTIC_ONLY_NORMALIZED_BEM_SPECTRUM
PASS_FIT,hk+inv_sqrt+inv,26,103,78,6,0.0011199468140589521,0.16961639959880906,0.032170040349677624,-10.827572133977364,1.9030678426323542,62.970270917737274,10.426611240430734,-254.6639561512366,41.34642306500518,637.3295120544167,100.3105466030911,-596.9518093824976,89.35741830597455,3_1,103,1.7721359661594902,DIAGNOSTIC_ONLY_NORMALIZED_BEM_SPECTRUM
PASS_FIT,hk+inv_sqrt+inv,26,103,78,6,0.0027423523369055993,0.444059145154836,0.07877301334654453,-28.12136862029431,4.659937847064602,161.6964275460606,25.53107106718043,-652.5325520723676,101.24271839665779,1612.3706035835742,245.62493364866592,-1479.8875369881762,218.80460914311016,4_1,103,1.730135103335557,DIAGNOSTIC_ONLY_NORMALIZED_BEM_SPECTRUM
