knot,reference,length_source,length_coeff,A_lead_normalized_spectrum,A_reference_normalized_spectrum,L_spectral_norm,L_geom_raw,L_used,status
0_1,0_1,geometric_raw,A_M,0.05044623457837376,0.05044623457837376,6.283185307179586,6.28318526680683,6.28318526680683,PHYSICAL_LENGTH_BRANCH_RESTORES_LONGITUDINAL_SCALE
3_1,0_1,geometric_raw,A_M,0.16961639959880906,0.05044623457837376,21.12608163370862,16.37245958770872,16.37245958770872,PHYSICAL_LENGTH_BRANCH_RESTORES_LONGITUDINAL_SCALE
4_1,0_1,geometric_raw,A_M,0.444059145154836,0.05044623457837376,55.308506564961895,21.044949018136286,21.044949018136286,PHYSICAL_LENGTH_BRANCH_RESTORES_LONGITUDINAL_SCALE
