status,fit_model,M_min,M_max,n_points,n_params,rms,A_M,A_M_se,A_sqrtM,A_sqrtM_se,A_logM,A_logM_se,F,F_se,b_inv_sqrt,b_inv_sqrt_se,b_inv,b_inv_se,knot,n_eigenvalues,S_all,status_note
PASS_FIT,hk+inv_sqrt+inv,78,311,234,6,0.0018701845795992978,-0.031022843658460118,0.010253047536081089,4.382055323242865,1.0539920070130535,-53.8662670869234,10.036221554701946,300.1661269613387,50.89290825045323,-1100.1574545155402,167.83507169811278,1953.1461861441903,259.92174298180817,0_1,311,2.509260441204141,DIAGNOSTIC_ONLY_NORMALIZED_BEM_SPECTRUM
PASS_FIT,hk+inv_sqrt+inv,78,311,234,6,0.0030504566415164086,-0.20114303187326446,0.016723738016770115,20.80781880259148,1.7191655588279162,-201.4069815836449,16.370073323901654,1031.6577675008236,83.01138383460693,-3437.051813738758,273.7556574499108,5394.3118315874635,423.9581567522382,3_1,311,2.4657906938252725,DIAGNOSTIC_ONLY_NORMALIZED_BEM_SPECTRUM
PASS_FIT,hk+inv_sqrt+inv,78,311,234,6,0.003049360397283715,0.014580089068995336,0.016717727998105874,-0.945498210872655,1.7185477413827308,1.356774481799165,16.364190401907006,12.848765396805062,82.98155198925693,-128.44662754920387,273.6572777330637,410.05694299972697,423.80579868298463,4_1,311,2.5187137400387023,DIAGNOSTIC_ONLY_NORMALIZED_BEM_SPECTRUM
