status,fit_model,M_min,M_max,n_points,n_params,rms,A_M,A_M_se,A_sqrtM,A_sqrtM_se,A_logM,A_logM_se,F,F_se,b_inv_sqrt,b_inv_sqrt_se,b_inv,b_inv_se,knot,n_eigenvalues,S_all,status_note
PASS_FIT,hk+inv_sqrt+inv,76,303,228,6,0.0019340610620656824,0.019887058333768373,0.011025560297256416,-0.737056407511174,1.118729240609381,-6.087045611730424,10.514701873320163,59.71876515793088,53.045134467968715,-315.4623149030818,173.5591589587982,757.3667733662596,265.30446022242927,0_1,303,2.5086828393158944,DIAGNOSTIC_ONLY_NORMALIZED_BEM_SPECTRUM
PASS_FIT,hk+inv_sqrt+inv,76,303,228,6,0.001923322910929963,0.028524980784218713,0.010964344994828748,-1.79306650131377,1.1125179146583888,5.1336973875756895,10.456322921343252,0.9849714900733194,52.75062118599237,-115.9109439877196,172.59553660144752,439.9994036936926,263.8314563722788,3_1,303,2.5398839426868545,DIAGNOSTIC_ONLY_NORMALIZED_BEM_SPECTRUM
PASS_FIT,hk+inv_sqrt+inv,76,303,228,6,0.0019541621292306233,0.04715159374809171,0.011140151057813661,-3.7997527485558233,1.1303564079444468,24.795916657095244,10.623983184402038,-99.48613401310936,53.59644271341529,216.9183624266509,175.36299255006824,-74.60184193397448,268.06182030722084,4_1,303,2.5493506405717477,DIAGNOSTIC_ONLY_NORMALIZED_BEM_SPECTRUM
