target,reference,normalizer,L_cert_target,NsoftV,leading_full_cert,leading_half_alpha_inv_cert,DeltaF_pair_raw,normalizer_denominator,DeltaF_phys_cert_normalized,finite_correction_half_cert,alpha_inv_pred_blind_v13,correction_to_leading_ratio,subleading_threshold,gate,status
K11a367,0_1,raw,44.804989,16.755160819145562,750.7147961950479,375.35739809752397,7717.494251498315,1.0,7717.494251498315,3858.7471257491575,4234.104523846681,10.28019467661216,0.05,FAIL_NOT_SUBLEADING,ALPHA_BLIND_CERTIFIED_LENGTH_CANDIDATE_NOT_CODATA_COMPARISON
K11a367,0_1,Mmax,44.804989,16.755160819145562,750.7147961950479,375.35739809752397,7717.494251498315,215.0,35.895322099992164,17.947661049996082,393.30505914752007,0.0478148589609868,0.05,PASS_SUBLEADING_CORRECTION,ALPHA_BLIND_CERTIFIED_LENGTH_CANDIDATE_NOT_CODATA_COMPARISON
K11a367,0_1,Lcert,44.804989,16.755160819145562,750.7147961950479,375.35739809752397,7717.494251498315,44.804989,172.24631505876087,86.12315752938044,461.4805556269044,0.2294430800242393,0.05,FAIL_NOT_SUBLEADING,ALPHA_BLIND_CERTIFIED_LENGTH_CANDIDATE_NOT_CODATA_COMPARISON
K11a367,0_1,Lcert2,44.804989,16.755160819145562,750.7147961950479,375.35739809752397,7717.494251498315,2007.487039290121,3.844355704646214,1.922177852323107,377.27957594984707,0.005120927047303578,0.05,PASS_SUBLEADING_CORRECTION,ALPHA_BLIND_CERTIFIED_LENGTH_CANDIDATE_NOT_CODATA_COMPARISON
K11a367,0_1,Lcert3,44.804989,16.755160819145562,750.7147961950479,375.35739809752397,7717.494251498315,89945.43471303643,0.08580195622068369,0.042900978110341846,375.40029907563434,0.00011429367937806163,0.05,PASS_SUBLEADING_CORRECTION,ALPHA_BLIND_CERTIFIED_LENGTH_CANDIDATE_NOT_CODATA_COMPARISON
K11a367,0_1,M_Lcert,44.804989,16.755160819145562,750.7147961950479,375.35739809752397,7717.494251498315,9633.072635,0.8011456514360971,0.40057282571804853,375.757970923242,0.0010671771163918106,0.05,PASS_SUBLEADING_CORRECTION,ALPHA_BLIND_CERTIFIED_LENGTH_CANDIDATE_NOT_CODATA_COMPARISON
K11a367,0_1,M_Lcert2,44.804989,16.755160819145562,750.7147961950479,375.35739809752397,7717.494251498315,431609.71344737604,0.01788072420765681,0.008940362103828405,375.3663384596278,2.3818265336295712e-05,0.05,PASS_SUBLEADING_CORRECTION,ALPHA_BLIND_CERTIFIED_LENGTH_CANDIDATE_NOT_CODATA_COMPARISON
