status,fit_model,M_min,M_max,n_points,n_params,rms,A_M,A_M_se,A_sqrtM,A_sqrtM_se,A_logM,A_logM_se,F,F_se,b_inv_sqrt,b_inv_sqrt_se,b_inv,b_inv_se,knot,n_eigenvalues,S_all,status_note
PASS_FIT,hk+inv_sqrt+inv,54,215,162,6,0.0012560891092301785,-0.06694761359878797,0.011969431420811125,7.10794620075488,1.0230099412581946,-67.90877255165884,8.098786503561827,345.0730115199484,38.07746167026379,-1102.409882393612,112.59633047948633,1581.414244378628,144.9640362980242,0_1,215,2.3589229609215163,DIAGNOSTIC_ONLY_NORMALIZED_BEM_SPECTRUM
PASS_FIT,hk+inv_sqrt+inv,54,215,162,6,0.0019045541452524697,-0.04912960495833022,0.018148736472042393,5.1190208439364655,1.5511461805857751,-49.372965745993845,12.279843279850361,253.20199772908572,57.73522509819286,-816.8185943314808,170.72499584551804,1189.6154160420965,219.80276257083415,4_1,215,2.360631626574177,DIAGNOSTIC_ONLY_NORMALIZED_BEM_SPECTRUM
