{
  "success": true,
  "objective_value": 0.13111996374420806,
  "fitted_params": {
    "thetas": [
      2.71081865150762,
      0.5372474593700955,
      1.9684623582110397
    ],
    "alpha": 0.0,
    "beta": 0.0
  },
  "predicted_minima": [
    25.31,
    27.05,
    32.95
  ],
  "target_near_nodes": [
    25.18,
    26.75,
    32.8
  ],
  "config": {
    "sectors": [
      2,
      3,
      5
    ],
    "a_nc_over_rc": 1.00039865,
    "ell_trefoil": 0.0003985705602004444,
    "truncation_M": 200,
    "completion_mode": "none",
    "t_min": 20.0,
    "t_max": 35.0,
    "match_count": 3,
    "fit_sector_weights": false
  }
}