status,fit_model,M_min,M_max,n_points,n_params,rms,A_M,A_M_se,A_sqrtM,A_sqrtM_se,A_logM,A_logM_se,F,F_se,b_inv_sqrt,b_inv_sqrt_se,b_inv,b_inv_se,knot,n_eigenvalues,S_all,status_note
PASS_FIT,hk+inv_sqrt+inv,54,215,162,6,0.0012560891092301785,-0.06694761359878797,0.011969431420811125,7.10794620075488,1.0230099412581946,-67.90877255165884,8.098786503561827,345.0730115199484,38.07746167026379,-1102.409882393612,112.59633047948633,1581.414244378628,144.9640362980242,0_1,215,2.3589229609215163,DIAGNOSTIC_ONLY_NORMALIZED_BEM_SPECTRUM
PASS_FIT,hk+inv_sqrt+inv,54,215,162,6,0.011970061001704451,-2.773521147644384,0.11406421981529338,219.44644082627298,9.748903411570529,-1616.5082996221774,77.17841654309811,7378.525104577216,362.8640162818234,-21027.97176644733,1073.0010590041218,25427.566841640353,1381.453230339781,K11a247,215,2.3494866978885285,DIAGNOSTIC_ONLY_NORMALIZED_BEM_SPECTRUM
