knot,reference,length_source,length_coeff,A_lead_normalized_spectrum,A_reference_normalized_spectrum,L_spectral_norm,L_geom_raw,L_used,status
0_1,0_1,geometric_raw,A_M,-0.18892737210768196,-0.18892737210768196,6.283185307179585,6.2831852892361395,6.2831852892361395,PHYSICAL_LENGTH_BRANCH_RESTORES_LONGITUDINAL_SCALE
3_1,0_1,geometric_raw,A_M,-0.23564128637177323,-0.18892737210768196,7.836756801191019,16.372460056045686,16.372460056045686,PHYSICAL_LENGTH_BRANCH_RESTORES_LONGITUDINAL_SCALE
4_1,0_1,geometric_raw,A_M,-0.4378264764257063,-0.18892737210768196,14.56085930314145,21.044949937225553,21.044949937225553,PHYSICAL_LENGTH_BRANCH_RESTORES_LONGITUDINAL_SCALE
