name,value
I_radial_no_2pi,0.2499914387894593
I_phase_no_2pi,3.055718970336428
I_potential_no_2pi,0.49887668503742305
