status,fit_model,M_min,M_max,n_points,n_params,rms,A_M,A_M_se,A_sqrtM,A_sqrtM_se,A_logM,A_logM_se,F,F_se,b_inv_sqrt,b_inv_sqrt_se,b_inv,b_inv_se,knot,n_eigenvalues,S_all,status_note
PASS_FIT,hk+inv_sqrt+inv,12,47,36,6,0.0014931068736186513,-1.1588442806872925,0.14200075439784854,47.927890345553614,5.678820221510532,-183.16350032494225,21.029318474675595,595.0942019685135,66.91461797778925,-1221.776700426633,136.71420999582028,743.449923546656,82.27800758341667,0_1,47,1.6032072499296306,DIAGNOSTIC_ONLY_NORMALIZED_BEM_SPECTRUM
PASS_FIT,hk+inv_sqrt+inv,12,47,36,6,0.0009039970014398294,-0.8707666349149059,0.08597392353217095,36.50538216148764,3.43822437808464,-140.98295964699253,12.73213671393581,460.64980496832,40.51325131054407,-944.9985789923145,82.77320135223096,573.5494016723013,49.814968676414445,3_1,47,1.548406631361773,DIAGNOSTIC_ONLY_NORMALIZED_BEM_SPECTRUM
PASS_FIT,hk+inv_sqrt+inv,12,47,36,6,0.0007079913164505426,-0.8036887623830484,0.06733295708394167,33.85987375961466,2.6927445553640106,-131.50409178631213,9.971539970785726,431.2633111924994,31.72912087469233,-886.1309429710656,64.82621922291018,540.0018311769861,39.014029024414526,4_1,47,1.5453809841715351,DIAGNOSTIC_ONLY_NORMALIZED_BEM_SPECTRUM
