{
  "fit_parameters": {
    "amplitude": -0.9723020173347914,
    "gamma_phi_ref_s_inv": 1313534349103.8484,
    "lambda_coh_m": 3.726040211942594e-09,
    "background": 0.002971477533956211,
    "temp_exponent": 1.0,
    "T_ref_K": 80.0,
    "sigma_amplitude": 0.0006912505265276875,
    "sigma_gamma_phi_ref_s_inv": 4.369665528281944e-22,
    "sigma_lambda_coh_m": 1.7865445737372476e-11,
    "sigma_background": 8.856148855400953e-05,
    "sigma_temp_exponent": 0.0,
    "amplitude_sigma": 1406.5841254673485,
    "gamma_sigma": 3.006029501805602e+33,
    "lambda_sigma": 208.56127894688586
  },
  "audit_metrics": {
    "n_rows": 510,
    "n_active_rows": 340,
    "n_null_rows": 170,
    "n_methods": 1,
    "n_lengths": 5,
    "n_temperatures": 2,
    "n_times": 17,
    "r2": 0.9975371255033153,
    "rmse": 0.009489397825180232,
    "weighted_rmse": 4.744698912590115,
    "signflip_pair_count": 170,
    "signflip_corr": 0.9998713383295939,
    "signflip_error_ratio": 0.007764587429176004,
    "null_ratio": 0.010418068325882686,
    "decay_ratio_time_window": 0.019436490087385898,
    "length_response_ratio_window": 0.3239383673086383,
    "pass_amplitude": true,
    "pass_signflip": true,
    "pass_decoherence": true,
    "pass_null": true,
    "pass_length_attenuation": true,
    "pass_fit_quality": true,
    "score_0_100": 100.0,
    "status": "SYNTHETIC-DEMO-PASS",
    "data_kind": "synthetic"
  }
}