component_i,component_j,distance,dx,dy,dz
1,2,17.0818396291,14.758380688,8.60113042471,4.82613256719e-08
1,3,17.0818396614,-0.0696070850355,17.0816978393,3.98917285524e-08
2,3,17.0818396278,-14.827987773,8.48056741459,-8.36959711953e-09
