status,fit_model,M_min,M_max,n_points,n_params,rms,A_M,A_M_se,A_sqrtM,A_sqrtM_se,A_logM,A_logM_se,F,F_se,b_inv_sqrt,b_inv_sqrt_se,b_inv,b_inv_se,knot,n_eigenvalues,S_all,status_note
PASS_FIT,hk+inv_sqrt+inv,24,95,72,6,0.000996687537600213,-0.521013429502535,0.03233586423446393,30.682763317491972,1.8371237946793708,-166.5717772941321,9.666549609894451,658.1201295609678,37.55086508816521,-1573.5439495297499,89.31235277921091,1351.57313935314,76.40545328834972,0_1,95,1.9212806127625104,DIAGNOSTIC_ONLY_NORMALIZED_BEM_SPECTRUM
PASS_FIT,hk+inv_sqrt+inv,24,95,72,6,0.0031492448618854075,-0.6453479691343968,0.10217199518737904,35.648817821965594,5.804780789144477,-183.50569625906286,30.543505905991754,706.9878285245219,118.64989224505692,-1658.0347824445644,282.20124911970873,1372.184791056996,241.4191731219148,3_1,95,1.8186222250923896,DIAGNOSTIC_ONLY_NORMALIZED_BEM_SPECTRUM
PASS_FIT,hk+inv_sqrt+inv,24,95,72,6,0.010407393834861648,-8.72349996140072,0.3376505287594671,453.1876511148181,19.18321453146625,-2192.1857066165367,100.93794195182709,8160.90672143837,392.10547645981575,-18722.75083598956,932.5980255852147,14865.821507377887,797.824406852311,4_1,95,1.8901708356170395,DIAGNOSTIC_ONLY_NORMALIZED_BEM_SPECTRUM
