{
  "source": "ideal.txt (3:1:1, 183 modes, k_max=250)",
  "L_ref": 16.371637,
  "D_ref": 1.0,
  "ropelength_L_over_D": 16.371637,
  "n_s": 100,
  "n_theta": 14,
  "sphere_n": 300,
  "tube_radius": 0.5,
  "centerline_length_sampled": 16.37259028654745,
  "sector_nm": 2,
  "sector_nl": 3,
  "pressure_mode": "spherical",
  "pressure_scale_mode": "nls_shell",
  "pressure_Ep": 274.0748756567669,
  "pressure_kappa_mode": "nls_shell_stiffness",
  "pressure_kappa_input": 1.0,
  "pressure_kappa_eff": 6736.341149140669,
  "pressure_kappa_formula": "8*pi*(L_K/D)^2 = pi/(2 eta_K^2)",
  "nls_shell_coeff": 11.0,
  "nls_phi": 1.618033988749895,
  "nls_phi_inv": 0.6180339887498948,
  "nls_eta": 0.015270311698213197,
  "nls_shell_stiffness_candidate": 6736.341149140669,
  "nls_shell_stiffness_formula": "8*pi*(L_K/D)^2 = pi/(2 eta_K^2)",
  "boundary_mode": "trig",
  "eps_factor": 0.05,
  "bem_reg": 1e-10,
  "n_boundary_total": 1700.0,
  "n_tube_panels": 1400.0,
  "n_sphere_panels": 300.0,
  "area_tube": 51.43600936445308,
  "area_sphere": 264207.94216690166,
  "cond_G": 480409.38925144356
}