target,reference,normalizer,L_cert_target,NsoftV,leading_full_cert,leading_half_alpha_inv_cert,DeltaF_pair_raw,normalizer_denominator,DeltaF_phys_cert_normalized,finite_correction_half_cert,alpha_inv_pred_blind_v13,correction_to_leading_ratio,subleading_threshold,gate,status
4_1,0_1,raw,21.043322,16.755160819145562,352.58424427906385,176.29212213953193,45868.58582537388,1.0,45868.58582537388,22934.29291268694,23110.585034826472,130.0925567991908,0.05,FAIL_NOT_SUBLEADING,ALPHA_BLIND_CERTIFIED_LENGTH_CANDIDATE_NOT_CODATA_COMPARISON
4_1,0_1,Mmax,21.043322,16.755160819145562,352.58424427906385,176.29212213953193,45868.58582537388,19.0,2414.136096072309,1207.0680480361546,1383.3601701756866,6.84697667364162,0.05,FAIL_NOT_SUBLEADING,ALPHA_BLIND_CERTIFIED_LENGTH_CANDIDATE_NOT_CODATA_COMPARISON
4_1,0_1,Lcert,21.043322,16.755160819145562,352.58424427906385,176.29212213953193,45868.58582537388,21.043322,2179.7217105442705,1089.8608552721353,1266.1529774116673,6.182130216854107,0.05,FAIL_NOT_SUBLEADING,ALPHA_BLIND_CERTIFIED_LENGTH_CANDIDATE_NOT_CODATA_COMPARISON
4_1,0_1,Lcert2,21.043322,16.755160819145562,352.58424427906385,176.29212213953193,45868.58582537388,442.821400795684,103.5825859882898,51.7912929941449,228.08341513367682,0.29378109677046743,0.05,FAIL_NOT_SUBLEADING,ALPHA_BLIND_CERTIFIED_LENGTH_CANDIDATE_NOT_CODATA_COMPARISON
4_1,0_1,Lcert3,21.043322,16.755160819145562,352.58424427906385,176.29212213953193,45868.58582537388,9318.433325434635,4.922349522014147,2.4611747610070736,178.753296900539,0.013960775621380856,0.05,PASS_SUBLEADING_CORRECTION,ALPHA_BLIND_CERTIFIED_LENGTH_CANDIDATE_NOT_CODATA_COMPARISON
4_1,0_1,M_Lcert,21.043322,16.755160819145562,352.58424427906385,176.29212213953193,45868.58582537388,399.823118,114.7221952918037,57.36109764590185,233.65321978543378,0.32537527457126875,0.05,FAIL_NOT_SUBLEADING,ALPHA_BLIND_CERTIFIED_LENGTH_CANDIDATE_NOT_CODATA_COMPARISON
4_1,0_1,M_Lcert2,21.043322,16.755160819145562,352.58424427906385,176.29212213953193,45868.58582537388,8413.606615117997,5.451715052015252,2.725857526007626,179.01797966553954,0.015462162987919338,0.05,PASS_SUBLEADING_CORRECTION,ALPHA_BLIND_CERTIFIED_LENGTH_CANDIDATE_NOT_CODATA_COMPARISON
