status,fit_model,M_min,M_max,n_points,n_params,rms,A_M,A_M_se,A_sqrtM,A_sqrtM_se,A_logM,A_logM_se,F,F_se,b_inv_sqrt,b_inv_sqrt_se,b_inv,b_inv_se,knot,n_eigenvalues,S_all,status_note
PASS_FIT,hk+inv_sqrt+inv,21,83,63,6,0.0011842317607250548,0.14434347001642908,0.04710683836534085,-8.76636072175733,2.501707759803981,49.43470432001451,12.30425775247067,-197.27406647811483,46.13622254917102,492.00038391863285,106.25946140747713,-458.73176630770604,84.9646633467367,0_1,83,1.7622780732522436,DIAGNOSTIC_ONLY_NORMALIZED_BEM_SPECTRUM
PASS_FIT,hk+inv_sqrt+inv,21,83,63,6,0.0021091260571788023,0.4457074042210308,0.08389764872276362,-26.41138528586433,4.4555611482827135,142.1362216525418,21.913979594747016,-554.8331091885188,82.16897433884041,1328.7434457221043,189.24893446455067,-1145.8894593112327,151.32273204217205,3_1,83,1.6639325347888834,DIAGNOSTIC_ONLY_NORMALIZED_BEM_SPECTRUM
PASS_FIT,hk+inv_sqrt+inv,21,83,63,6,0.008264620822667922,-7.9173539325572255,0.3287533489271424,381.38649891044065,17.459138261286853,-1713.536251184285,85.87003676229882,6128.572507939198,321.97952985627353,-13605.768606806743,741.5728799707525,10043.341718931504,592.9588693487517,4_1,83,1.7367737359891675,DIAGNOSTIC_ONLY_NORMALIZED_BEM_SPECTRUM
