status,fit_model,M_min,M_max,n_points,n_params,rms,A_M,A_M_se,A_sqrtM,A_sqrtM_se,A_logM,A_logM_se,F,F_se,b_inv_sqrt,b_inv_sqrt_se,b_inv,b_inv_se,knot,n_eigenvalues,S_all,status_note
PASS_FIT,hk+inv_sqrt+inv,66,263,198,6,0.0013753237331298807,0.19526847822159576,0.0096920936168189,-17.78538660890222,0.9162033575400007,147.46329886986655,8.022478566219844,-701.7760320965364,39.335997789253646,2113.528130779614,123.36683273095468,-2801.510371673958,175.68276947116658,0_1,263,2.508603362175269,DIAGNOSTIC_ONLY_NORMALIZED_BEM_SPECTRUM
PASS_FIT,hk+inv_sqrt+inv,66,263,198,6,0.0014804557868172506,0.1924763993396421,0.010432973514344957,-17.690842360881028,0.9862394794021888,147.73719631557657,8.63573028798734,-704.9680283912799,42.3429074584519,2129.6139336755473,132.7972004105668,-2835.1503324347077,189.11225513121246,3_1,263,2.5061602976099806,DIAGNOSTIC_ONLY_NORMALIZED_BEM_SPECTRUM
PASS_FIT,hk+inv_sqrt+inv,66,263,198,6,0.001538546155446488,0.18286256787526356,0.010842344251886734,-17.14721560639815,1.0249377069516565,145.88883001391832,8.974580499036417,-701.4211759466201,44.00436545334627,2141.350798056838,138.0079188889382,-2902.6356467998053,196.53267302595813,4_1,263,2.5092697744253845,DIAGNOSTIC_ONLY_NORMALIZED_BEM_SPECTRUM
