status,fit_model,M_min,M_max,n_points,n_params,rms,A_M,A_M_se,A_sqrtM,A_sqrtM_se,A_logM,A_logM_se,F,F_se,b_inv_sqrt,b_inv_sqrt_se,b_inv,b_inv_se,knot,reference,DeltaF_pair,half_DeltaF_pair,max_common_modes,status_note
PASS_FIT,hk+inv_sqrt+inv,66,263,198,6,0.0005573168316611645,-0.0027920788819584303,0.003927487599153356,0.09454424802166084,0.3712693528668232,0.2738974457058268,3.2509162962092315,-3.1919962947227094,15.939966082201767,16.08580289586681,49.99143888342657,-33.63996076065137,71.19121273091777,3_1,0_1,-3.1919962947227094,-1.5959981473613547,263,DIRECT_PAIR_SUBTRACTED_FIT_NO_SEPARATE_FK_MINUS_FREF
PASS_FIT,hk+inv_sqrt+inv,66,263,198,6,0.0006854710835158763,-0.012405910346348302,0.0048306080619571175,0.6381710025056484,0.45664223854015257,-1.5744688559623798,3.9984601027387985,0.35485614998641835,19.605339729298088,27.82266727699954,61.486902657865656,-101.12527512551662,87.56153583593974,4_1,0_1,0.35485614998641835,0.17742807499320917,263,DIRECT_PAIR_SUBTRACTED_FIT_NO_SEPARATE_FK_MINUS_FREF
