knot,reference,length_source,length_coeff,A_lead_normalized_spectrum,A_reference_normalized_spectrum,L_spectral_norm,L_geom_raw,L_used,status
0_1,0_1,geometric_raw,A_M,0.19526847822159576,0.19526847822159576,6.283185307179586,6.2831852892361395,6.2831852892361395,PHYSICAL_LENGTH_BRANCH_RESTORES_LONGITUDINAL_SCALE
3_1,0_1,geometric_raw,A_M,0.1924763993396421,0.19526847822159576,6.193344134823703,16.372460056045686,16.372460056045686,PHYSICAL_LENGTH_BRANCH_RESTORES_LONGITUDINAL_SCALE
4_1,0_1,geometric_raw,A_M,0.18286256787526356,0.19526847822159576,5.883998329741253,21.044949937225553,21.044949937225553,PHYSICAL_LENGTH_BRANCH_RESTORES_LONGITUDINAL_SCALE
