chi_R,R_cell,Lambda_free,dE_dipole,Lambda_corrected,fraction_correction,label
1.0,16.3672,1.59435874,-1.391129e-03,1.59296761,-8.7253e-04,DERIVED
2.0,32.7345,1.59435874,-1.738911e-04,1.59418485,-1.0907e-04,DERIVED
4.0,65.4689,1.59435874,-2.173639e-05,1.59433700,-1.3633e-05,DERIVED
