status,fit_model,M_min,M_max,n_points,n_params,rms,A_M,A_M_se,A_sqrtM,A_sqrtM_se,A_logM,A_logM_se,F,F_se,b_inv_sqrt,b_inv_sqrt_se,b_inv,b_inv_se,knot,n_eigenvalues,S_all,status_note
PASS_FIT,hk+inv_sqrt+inv,29,115,87,6,0.0009499518808563905,-0.17243167002338458,0.02312140130808857,10.601142815145128,1.4452415871894382,-59.541019643076545,8.3668508113642,239.89851230294656,34.100683516815295,-573.5185254908898,85.05651871059491,486.79688433943636,80.06516898010031,0_1,115,1.9883801218838704,DIAGNOSTIC_ONLY_NORMALIZED_BEM_SPECTRUM
PASS_FIT,hk+inv_sqrt+inv,29,115,87,6,0.001790017168486204,-0.10798588576256016,0.043568212385269985,5.638590860897798,2.7233034702211802,-26.021255367271518,15.765858145365126,94.13938970783678,64.25673782253584,-188.14031205970846,160.2740431929834,86.08929349215542,150.86872289039113,3_1,115,1.9265710784252899,DIAGNOSTIC_ONLY_NORMALIZED_BEM_SPECTRUM
PASS_FIT,hk+inv_sqrt+inv,29,115,87,6,0.003658007306737801,-0.05859447179194672,0.08903425176731777,1.326838347058731,5.565233768656038,4.055163415610291,32.218475502952586,-36.955998696220966,131.31249275153692,153.99957729259367,327.52960776133574,-259.6058160017272,308.30927233953213,4_1,115,1.885182866802599,DIAGNOSTIC_ONLY_NORMALIZED_BEM_SPECTRUM
