knot,reference,length_source,length_coeff,A_lead_normalized_spectrum,A_reference_normalized_spectrum,L_spectral_norm,L_geom_raw,L_used,status
0_1,0_1,geometric_raw,A_M,-0.007749392936647852,-0.007749392936647852,6.283185307179586,6.2831852892361395,6.2831852892361395,PHYSICAL_LENGTH_BRANCH_RESTORES_LONGITUDINAL_SCALE
3_1,0_1,geometric_raw,A_M,0.016448720284070396,-0.007749392936647852,-13.336574678259135,16.372460056045686,16.372460056045686,PHYSICAL_LENGTH_BRANCH_RESTORES_LONGITUDINAL_SCALE
4_1,0_1,geometric_raw,A_M,0.03858936987881159,-0.007749392936647852,-31.288149125749452,21.044949937225553,21.044949937225553,PHYSICAL_LENGTH_BRANCH_RESTORES_LONGITUDINAL_SCALE
