{
  "model_faces": 518400,
  "model_vertices": 259200,
  "watertight": true,
  "bounds_mm": [
    [
      -29.49892301494595,
      -34.488819949020055,
      -21.957831132909845
    ],
    [
      36.97129154099807,
      34.510647155801905,
      21.65190920325345
    ]
  ],
  "approx_bidirectional_nn_mean_mm": 1.7041768828602923,
  "approx_bidirectional_nn_p95_mm": 3.8985735307345744
}