{
  "source_file": "triple_gear_solid_with_mark.stl",
  "source_watertight": true,
  "faces_total": 255714,
  "vertices_total": 127857,
  "components": 3,
  "extents_mm_assumed": [
    69.91199684143066,
    74.11886215209961,
    45.40241241455078
  ],
  "bounding_box_mm_assumed": {
    "min": [
      -31.345834732055664,
      -37.08267593383789,
      -22.664060592651367
    ],
    "max": [
      38.566162109375,
      37.03618621826172,
      22.738351821899414
    ]
  },
  "assembly_center_translation_applied": [
    -3.6101636886596693,
    0.02324485778808609,
    -0.0371456146240231
  ],
  "parts": [
    {
      "name": "Gear_1",
      "faces": 85238,
      "vertices": 42619,
      "watertight": true,
      "bounds": [
        [
          -34.95599842071533,
          -37.059431076049805,
          -22.70120620727539
        ],
        [
          17.86213207244873,
          19.762699127197266,
          22.70120620727539
        ]
      ],
      "center_mass": [
        -8.506421555635807,
        -8.537697918057637,
        0.017116507554565084
      ]
    },
    {
      "name": "Gear_2",
      "faces": 85238,
      "vertices": 42619,
      "watertight": true,
      "bounds": [
        [
          -34.70308208465576,
          -20.015336990356445,
          -22.70120620727539
        ],
        [
          17.83817958831787,
          37.059431076049805,
          22.70120620727539
        ]
      ],
      "center_mass": [
        -8.576028640671318,
        8.54399992123482,
        0.017116547446292953
      ]
    },
    {
      "name": "Gear_3",
      "faces": 85238,
      "vertices": 42619,
      "watertight": true,
      "bounds": [
        [
          -22.375536918640137,
          -24.682357788085938,
          -22.70120620727539
        ],
        [
          34.95599842071533,
          24.932207107543945,
          22.70120620727539
        ]
      ],
      "center_mass": [
        6.251959132374585,
        0.06343250664780244,
        0.01711655581589109
      ]
    }
  ]
}