status,fit_model,M_min,M_max,n_points,n_params,rms,A_M,A_M_se,A_sqrtM,A_sqrtM_se,A_logM,A_logM_se,F,F_se,b_inv_sqrt,b_inv_sqrt_se,b_inv,b_inv_se,knot,n_eigenvalues,S_all,status_note
PASS_FIT,hk+inv_sqrt+inv,66,263,198,6,0.0014271248020564062,-0.19232104160680863,0.010057142802980047,18.317252832603145,0.9507118242605133,-160.4156785107146,8.324642307860943,787.2589765065252,40.817573860174505,-2437.7614316429413,128.01339968214086,3361.4116452812277,182.29979717988522,0_1,263,2.3384769028355032,DIAGNOSTIC_ONLY_NORMALIZED_BEM_SPECTRUM
PASS_FIT,hk+inv_sqrt+inv,66,263,198,6,0.0019396940895534073,-0.34792368003288987,0.01366928836540811,31.916833228335435,1.2921715772365707,-271.0338239133492,11.314539176207166,1313.7853926486875,55.477703598455754,-4024.8487935695152,173.99097429271114,5479.173965642376,247.77499389477515,3_1,263,2.3000742881470146,DIAGNOSTIC_ONLY_NORMALIZED_BEM_SPECTRUM
PASS_FIT,hk+inv_sqrt+inv,66,263,198,6,0.0015994980273302396,-0.2799897664009625,0.011271880392496535,26.60637486635085,1.0655421903347464,-234.28497589806418,9.330122306379169,1153.193992883314,45.74766605953432,-3609.6922350554437,143.47531482066483,5096.184599266162,204.31861709064768,4_1,263,2.354589901610672,DIAGNOSTIC_ONLY_NORMALIZED_BEM_SPECTRUM
