knot,reference,length_source,length_coeff,A_lead_normalized_spectrum,A_reference_normalized_spectrum,L_spectral_norm,L_geom_raw,L_used,status
0_1,0_1,geometric_raw,A_M,-0.2406011773735072,-0.2406011773735072,6.283185307179586,6.2831852892361395,6.2831852892361395,PHYSICAL_LENGTH_BRANCH_RESTORES_LONGITUDINAL_SCALE
3_1,0_1,geometric_raw,A_M,-0.2406011773733704,-0.2406011773735072,6.283185307176014,16.372460056045686,16.372460056045686,PHYSICAL_LENGTH_BRANCH_RESTORES_LONGITUDINAL_SCALE
4_1,0_1,geometric_raw,A_M,-0.24060117737337708,-0.2406011773735072,6.283185307176188,21.044949937225553,21.044949937225553,PHYSICAL_LENGTH_BRANCH_RESTORES_LONGITUDINAL_SCALE
