target,reference,normalizer,L_cert_target,NsoftV,leading_full_cert,leading_half_alpha_inv_cert,DeltaF_pair_raw,normalizer_denominator,DeltaF_phys_cert_normalized,finite_correction_half_cert,alpha_inv_pred_blind_v13,correction_to_leading_ratio,subleading_threshold,gate,status
7_1,0_1,raw,32.800343,16.755160819145562,549.5750218881353,274.78751094406766,353.1851437825582,1.0,353.1851437825582,176.5925718912791,451.3800828353468,0.6426513755467733,0.05,FAIL_NOT_SUBLEADING,ALPHA_BLIND_CERTIFIED_LENGTH_CANDIDATE_NOT_CODATA_COMPARISON
7_1,0_1,Mmax,32.800343,16.755160819145562,549.5750218881353,274.78751094406766,353.1851437825582,215.0,1.6427215989886428,0.8213607994943214,275.60887174356196,0.0029890761653338293,0.05,PASS_SUBLEADING_CORRECTION,ALPHA_BLIND_CERTIFIED_LENGTH_CANDIDATE_NOT_CODATA_COMPARISON
7_1,0_1,Lcert,32.800343,16.755160819145562,549.5750218881353,274.78751094406766,353.1851437825582,32.800343,10.767727147931296,5.383863573965648,280.1713745180333,0.01959282485389782,0.05,PASS_SUBLEADING_CORRECTION,ALPHA_BLIND_CERTIFIED_LENGTH_CANDIDATE_NOT_CODATA_COMPARISON
7_1,0_1,Lcert2,32.800343,16.755160819145562,549.5750218881353,274.78751094406766,353.1851437825582,1075.862500917649,0.3282809313284101,0.16414046566420504,274.9516514097319,0.0005973359746237355,0.05,PASS_SUBLEADING_CORRECTION,ALPHA_BLIND_CERTIFIED_LENGTH_CANDIDATE_NOT_CODATA_COMPARISON
7_1,0_1,Lcert3,32.800343,16.755160819145562,549.5750218881353,274.78751094406766,353.1851437825582,35288.6590509367,0.010008460317881739,0.005004230158940869,274.7925151742266,1.8211272199919843e-05,0.05,PASS_SUBLEADING_CORRECTION,ALPHA_BLIND_CERTIFIED_LENGTH_CANDIDATE_NOT_CODATA_COMPARISON
7_1,0_1,M_Lcert,32.800343,16.755160819145562,549.5750218881353,274.78751094406766,353.1851437825582,7052.073745,0.050082451850843236,0.025041225925421618,274.81255216999307,9.112941792510613e-05,0.05,PASS_SUBLEADING_CORRECTION,ALPHA_BLIND_CERTIFIED_LENGTH_CANDIDATE_NOT_CODATA_COMPARISON
7_1,0_1,M_Lcert2,32.800343,16.755160819145562,549.5750218881353,274.78751094406766,353.1851437825582,231310.43769729452,0.0015268880526902793,0.0007634440263451397,274.788274388094,2.7783068587150485e-06,0.05,PASS_SUBLEADING_CORRECTION,ALPHA_BLIND_CERTIFIED_LENGTH_CANDIDATE_NOT_CODATA_COMPARISON
