omega_eV,E_k_eV,Gamma_h_plus1,Gamma_h_minus1,A_tot
15.0,1.3943070268351079,1.0086978037805936e-31,1.0086978037805936e-31,0.0
32.0,18.394307026835108,3.936493910668717e-32,3.936493910668717e-32,0.0
49.0,35.39430702683511,2.904846260193574e-32,2.904846260193574e-32,0.0
66.0,52.39430702683511,2.164360122322018e-32,2.164360122322018e-32,0.0
83.0,69.39430702683511,1.6053929111521065e-32,1.6053929111521065e-32,0.0
100.0,86.39430702683511,1.1899040313847188e-32,1.1899040313847188e-32,0.0
