omega_eV,E_k_eV,Gamma_h_plus1,Gamma_h_minus1,A_tot
15.0,1.3943070268351079,5.730691457535429e-32,1.591858738204286e-31,-0.4705882352941176
32.0,18.394307026835108,2.236749213579905e-32,6.213192259944181e-32,-0.4705882352941177
49.0,35.39430702683511,1.651120114250983e-32,4.5864447618082875e-32,-0.4705882352941177
66.0,52.39430702683511,1.230899373854991e-32,3.4191649273749746e-32,-0.47058823529411753
83.0,69.39430702683511,9.137038610532055e-33,2.538066280703348e-32,-0.4705882352941176
100.0,86.39430702683511,6.77895507988045e-33,1.8830430777445693e-32,-0.47058823529411764
