omega_eV,E_k_eV,Gamma_h_plus1,Gamma_h_minus1,A_tot
15.0,1.3943070268351079,5.637426802957934e-32,5.637426802957934e-32,0.0
32.0,18.394307026835108,1.6904789847867916e-32,1.6904789847867916e-32,0.0
49.0,35.39430702683511,9.693736877627824e-33,9.693736877627824e-33,0.0
66.0,52.39430702683511,5.646338697358698e-33,5.646338697358698e-33,0.0
83.0,69.39430702683511,3.282403283812619e-33,3.282403283812619e-33,0.0
100.0,86.39430702683511,1.90739939482372e-33,1.90739939482372e-33,0.0
