omega_eV,E_k_eV,Gamma_h_plus1,Gamma_h_minus1,A_tot
15.0,1.3943070268351079,5.686742368893384e-32,1.6311433145298135e-31,-0.4829805439796825
32.0,18.394307026835108,2.237025338137421e-32,6.315857573777955e-32,-0.4768956008924363
49.0,35.39430702683511,1.6641025871161703e-32,4.6334876807480435e-32,-0.471511318985654
66.0,52.39430702683511,1.2501434300212725e-32,3.4369527174695465e-32,-0.4665595111845436
83.0,69.39430702683511,9.351297245322278e-33,2.540481143243649e-32,-0.46189043589299233
100.0,86.39430702683511,6.990940539377801e-33,1.8778519962536984e-32,-0.45742437728889646
