omega_eV,E_k_eV,Gamma_h_plus1,Gamma_h_minus1,A_tot
15.0,1.3943070268351079,5.673925146265838e-32,1.5760903184071774e-31,-0.4705882352941177
32.0,18.394307026835108,2.2142778247511534e-32,6.150771735419871e-32,-0.47058823529411764
49.0,35.39430702683511,1.6339760213588853e-32,4.5388222815524595e-32,-0.47058823529411775
66.0,52.39430702683511,1.2174525688061352e-32,3.3818126911281534e-32,-0.4705882352941176
83.0,69.39430702683511,9.030335125230599e-33,2.5084264236751663e-32,-0.4705882352941177
100.0,86.39430702683511,6.693210176539044e-33,1.8592250490386231e-32,-0.47058823529411764
