omega_eV,E_k_eV,eps,Gamma_h_plus1,Gamma_h_minus1,A_tot
30.0,16.394307026835108,0.0,2.306609448467153e-32,6.407248467964314e-32,-0.47058823529411764
30.0,16.394307026835108,0.05,2.3074698431953635e-32,6.414338765708114e-32,-0.47087354316859675
30.0,16.394307026835108,0.1,2.3100510273799942e-32,6.435609658939511e-32,-0.4717263543065382
30.0,16.394307026835108,0.2,2.3203757641185173e-32,6.520693231865099e-32,-0.475091583343002
30.0,16.394307026835108,0.3,2.3375836586827223e-32,6.662499186741081e-32,-0.4805417463748583
30.0,16.394307026835108,0.5,2.392648921288179e-32,7.116278242344221e-32,-0.49675733547754086
