target,reference,normalizer,L_cert_target,NsoftV,leading_full_cert,leading_half_alpha_inv_cert,DeltaF_pair_raw,normalizer_denominator,DeltaF_phys_cert_normalized,finite_correction_half_cert,alpha_inv_pred_blind_v13,correction_to_leading_ratio,subleading_threshold,gate,status
8_1,0_1,raw,35.491375,16.755160819145562,594.6636958176023,297.33184790880114,10023.876452181998,1.0,10023.876452181998,5011.938226090999,5309.2700739998,16.85637869384339,0.05,FAIL_NOT_SUBLEADING,ALPHA_BLIND_CERTIFIED_LENGTH_CANDIDATE_NOT_CODATA_COMPARISON
8_1,0_1,Mmax,35.491375,16.755160819145562,594.6636958176023,297.33184790880114,10023.876452181998,215.0,46.62268117293952,23.31134058646976,320.6431884952709,0.07840176136671344,0.05,FAIL_NOT_SUBLEADING,ALPHA_BLIND_CERTIFIED_LENGTH_CANDIDATE_NOT_CODATA_COMPARISON
8_1,0_1,Lcert,35.491375,16.755160819145562,594.6636958176023,297.33184790880114,10023.876452181998,35.491375,282.4313358437648,141.2156679218824,438.54751583068355,0.47494295991190516,0.05,FAIL_NOT_SUBLEADING,ALPHA_BLIND_CERTIFIED_LENGTH_CANDIDATE_NOT_CODATA_COMPARISON
8_1,0_1,Lcert2,35.491375,16.755160819145562,594.6636958176023,297.33184790880114,10023.876452181998,1259.637699390625,7.957745673244974,3.978872836622487,301.3107207454236,0.013381926169721661,0.05,PASS_SUBLEADING_CORRECTION,ALPHA_BLIND_CERTIFIED_LENGTH_CANDIDATE_NOT_CODATA_COMPARISON
8_1,0_1,Lcert3,35.491375,16.755160819145562,594.6636958176023,297.33184790880114,10023.876452181998,44706.27395320994,0.22421632504361902,0.11210816252180951,297.44395607132293,0.0003770472733085619,0.05,PASS_SUBLEADING_CORRECTION,ALPHA_BLIND_CERTIFIED_LENGTH_CANDIDATE_NOT_CODATA_COMPARISON
8_1,0_1,M_Lcert,35.491375,16.755160819145562,594.6636958176023,297.33184790880114,10023.876452181998,7630.645624999999,1.3136341202035573,0.6568170601017786,297.9886649689029,0.00220903702284607,0.05,PASS_SUBLEADING_CORRECTION,ALPHA_BLIND_CERTIFIED_LENGTH_CANDIDATE_NOT_CODATA_COMPARISON
8_1,0_1,M_Lcert2,35.491375,16.755160819145562,594.6636958176023,297.33184790880114,10023.876452181998,270822.10536898434,0.037012770573232434,0.018506385286616217,297.35035429408777,6.224151706847284e-05,0.05,PASS_SUBLEADING_CORRECTION,ALPHA_BLIND_CERTIFIED_LENGTH_CANDIDATE_NOT_CODATA_COMPARISON
