{
  "success": true,
  "objective_value": 0.019800000016469324,
  "fitted_params": {
    "thetas": [
      2.42714264789906,
      2.4311073251198287,
      2.4143312414120084
    ],
    "alpha": 0.0,
    "beta": 0.0
  },
  "predicted_minima": [
    21.51,
    22.49,
    25.31,
    26.7,
    30.34,
    32.78,
    33.75
  ],
  "target_near_nodes": [
    25.18,
    26.75,
    32.8
  ],
  "config": {
    "sectors": [
      2,
      3,
      5
    ],
    "a_nc_over_rc": 1.00039865,
    "ell_trefoil": 0.0003985705602004444,
    "truncation_M": 300,
    "completion_mode": "none",
    "t_min": 20.0,
    "t_max": 35.0,
    "match_count": 3,
    "fit_sector_weights": false
  }
}