target,reference,normalizer,L_cert_target,NsoftV,leading_full_cert,leading_half_alpha_inv_cert,DeltaF_pair_raw,normalizer_denominator,DeltaF_phys_cert_normalized,finite_correction_half_cert,alpha_inv_pred_blind_v13,correction_to_leading_ratio,subleading_threshold,gate,status
3_1,0_1,raw,16.371637,16.755160819145562,274.30941080767377,137.15470540383689,43.66409947620959,1.0,43.66409947620959,21.832049738104796,158.98675514194167,0.15917827736075651,0.05,FAIL_NOT_SUBLEADING,ALPHA_BLIND_CERTIFIED_LENGTH_CANDIDATE_NOT_CODATA_COMPARISON
3_1,0_1,Mmax,16.371637,16.755160819145562,274.30941080767377,137.15470540383689,43.66409947620959,215.0,0.20308883477306788,0.10154441738653394,137.2562498212234,0.0007403640807477047,0.05,PASS_SUBLEADING_CORRECTION,ALPHA_BLIND_CERTIFIED_LENGTH_CANDIDATE_NOT_CODATA_COMPARISON
3_1,0_1,Lcert,16.371637,16.755160819145562,274.30941080767377,137.15470540383689,43.66409947620959,16.371637,2.6670576360940323,1.3335288180470162,138.4882342218839,0.00972280764353354,0.05,PASS_SUBLEADING_CORRECTION,ALPHA_BLIND_CERTIFIED_LENGTH_CANDIDATE_NOT_CODATA_COMPARISON
3_1,0_1,Lcert2,16.371637,16.755160819145562,274.30941080767377,137.15470540383689,43.66409947620959,268.030498059769,0.16290720568102213,0.08145360284051106,137.23615900667738,0.0005938812131941075,0.05,PASS_SUBLEADING_CORRECTION,ALPHA_BLIND_CERTIFIED_LENGTH_CANDIDATE_NOT_CODATA_COMPARISON
3_1,0_1,Lcert3,16.371637,16.755160819145562,274.30941080767377,137.15470540383689,43.66409947620959,4388.098019163743,0.009950575234536541,0.0049752876172682705,137.15968069145416,3.62750049487481e-05,0.05,PASS_SUBLEADING_CORRECTION,ALPHA_BLIND_CERTIFIED_LENGTH_CANDIDATE_NOT_CODATA_COMPARISON
3_1,0_1,M_Lcert,16.371637,16.755160819145562,274.30941080767377,137.15470540383689,43.66409947620959,3519.901955,0.012404919237646661,0.006202459618823331,137.16090786345572,4.5222361132714134e-05,0.05,PASS_SUBLEADING_CORRECTION,ALPHA_BLIND_CERTIFIED_LENGTH_CANDIDATE_NOT_CODATA_COMPARISON
3_1,0_1,M_Lcert2,16.371637,16.755160819145562,274.30941080767377,137.15470540383689,43.66409947620959,57626.55708285033,0.000757707933400103,0.0003788539667000515,137.1550842578036,2.7622382009028262e-06,0.05,PASS_SUBLEADING_CORRECTION,ALPHA_BLIND_CERTIFIED_LENGTH_CANDIDATE_NOT_CODATA_COMPARISON
