chi_R,R_cell,Lambda_free,dE_dipole,Lambda_corrected,fraction_correction,label
1.0,16.3672,1.70695469,-1.391129e-03,1.70556356,-8.1498e-04,DERIVED
2.0,32.7345,1.70695469,-1.738911e-04,1.70678080,-1.0187e-04,DERIVED
4.0,65.4689,1.70695469,-2.173639e-05,1.70693295,-1.2734e-05,DERIVED
